Name_c,Type,Address,Region,Town,Phone,Signature,Description,Price_Min,Price_Max
萬華區魯肉飯店,台式飯館,"No.235, 萬華區, 台北市 和平路 299號",台北市,萬華區,886-9-6725555,魯肉飯,萬華區魯肉飯店 以 魯肉飯 聞名。,76,170
壽豐鄉大腸包小腸店,夜市小吃,"No.56, 壽豐鄉, 花蓮縣 光復路 62號",花蓮縣,壽豐鄉,886-5-7928484,大腸包小腸,壽豐鄉大腸包小腸店 以 大腸包小腸 聞名。,80,157
光復鄉珍珠奶茶店,飲料店,"No.70, 光復鄉, 花蓮縣 中正路 180號",花蓮縣,光復鄉,886-3-4826590,珍珠奶茶,光復鄉珍珠奶茶店 以 珍珠奶茶 聞名。,65,235
左營區蚵仔煎店,小吃店,"No.167, 左營區, 高雄市 成功路 57號",高雄市,左營區,886-5-3664923,蚵仔煎,左營區蚵仔煎店 以 蚵仔煎 聞名。,98,222
鹿野鄉雞排店,炸物店,"No.293, 鹿野鄉, 台東縣 光復路 270號",台東縣,鹿野鄉,886-9-6629185,雞排,鹿野鄉雞排店 以 雞排 聞名。,87,295
鹿野鄉牛肉麵店,麵店,"No.281, 鹿野鄉, 台東縣 民生路 19號",台東縣,鹿野鄉,886-9-8356865,牛肉麵,鹿野鄉牛肉麵店 以 牛肉麵 聞名。,71,291
北區鍋燒意麵店,麵店,"No.192, 北區, 台南市 光復路 296號",台南市,北區,886-2-4744333,鍋燒意麵,北區鍋燒意麵店 以 鍋燒意麵 聞名。,77,275
成功鎮魯肉飯店,台式飯館,"No.169, 成功鎮, 台東縣 信義路 236號",台東縣,成功鎮,886-3-1229251,魯肉飯,成功鎮魯肉飯店 以 魯肉飯 聞名。,80,293
左營區雞排店,炸物店,"No.4, 左營區, 高雄市 信義路 241號",高雄市,左營區,886-9-4394851,雞排,左營區雞排店 以 雞排 聞名。,93,207
東區珍珠奶茶店,飲料店,"No.299, 東區, 台南市 信義路 28號",台南市,東區,886-5-1527178,珍珠奶茶,東區珍珠奶茶店 以 珍珠奶茶 聞名。,66,199
吉安鄉魯肉飯店,台式飯館,"No.240, 吉安鄉, 花蓮縣 民生路 228號",花蓮縣,吉安鄉,886-4-2965414,魯肉飯,吉安鄉魯肉飯店 以 魯肉飯 聞名。,89,283
蘆竹區雞排店,炸物店,"No.19, 蘆竹區, 桃園市 建國路 286號",桃園市,蘆竹區,886-6-1927182,雞排,蘆竹區雞排店 以 雞排 聞名。,63,188
淡水區大腸包小腸店,夜市小吃,"No.140, 淡水區, 新北市 光復路 96號",新北市,淡水區,886-5-5587807,大腸包小腸,淡水區大腸包小腸店 以 大腸包小腸 聞名。,65,231
新城鄉魯肉飯店,台式飯館,"No.226, 新城鄉, 花蓮縣 和平路 35號",花蓮縣,新城鄉,886-4-1066258,魯肉飯,新城鄉魯肉飯店 以 魯肉飯 聞名。,96,264
平鎮區珍珠奶茶店,飲料店,"No.136, 平鎮區, 桃園市 和平路 100號",桃園市,平鎮區,886-4-4514819,珍珠奶茶,平鎮區珍珠奶茶店 以 珍珠奶茶 聞名。,68,264
光復鄉鍋燒意麵店,麵店,"No.129, 光復鄉, 花蓮縣 和平路 123號",花蓮縣,光復鄉,886-3-9352105,鍋燒意麵,光復鄉鍋燒意麵店 以 鍋燒意麵 聞名。,87,223
西區刈包店,台式小吃店,"No.257, 西區, 台中市 民生路 99號",台中市,西區,886-4-6343285,刈包,西區刈包店 以 刈包 聞名。,52,278
鳳山區蚵仔煎店,小吃店,"No.138, 鳳山區, 高雄市 信義路 251號",高雄市,鳳山區,886-4-3527227,蚵仔煎,鳳山區蚵仔煎店 以 蚵仔煎 聞名。,60,259
鳳山區雞排店,炸物店,"No.57, 鳳山區, 高雄市 中正路 43號",高雄市,鳳山區,886-4-1642245,雞排,鳳山區雞排店 以 雞排 聞名。,54,184
中西區蚵仔煎店,小吃店,"No.289, 中西區, 台南市 成功路 26號",台南市,中西區,886-2-8495847,蚵仔煎,中西區蚵仔煎店 以 蚵仔煎 聞名。,50,274
中西區珍珠奶茶店,飲料店,"No.279, 中西區, 台南市 成功路 64號",台南市,中西區,886-4-6434136,珍珠奶茶,中西區珍珠奶茶店 以 珍珠奶茶 聞名。,51,215
苓雅區臭豆腐店,小吃店,"No.266, 苓雅區, 高雄市 中正路 76號",高雄市,苓雅區,886-7-9773655,臭豆腐,苓雅區臭豆腐店 以 臭豆腐 聞名。,55,250
萬華區蚵仔煎店,小吃店,"No.260, 萬華區, 台北市 光復路 206號",台北市,萬華區,886-6-9753010,蚵仔煎,萬華區蚵仔煎店 以 蚵仔煎 聞名。,84,231
大安區蚵仔煎店,小吃店,"No.165, 大安區, 台北市 信義路 254號",台北市,大安區,886-5-2956212,蚵仔煎,大安區蚵仔煎店 以 蚵仔煎 聞名。,75,202
苓雅區雞排店,炸物店,"No.104, 苓雅區, 高雄市 建國路 41號",高雄市,苓雅區,886-2-6376543,雞排,苓雅區雞排店 以 雞排 聞名。,91,210
永和區珍珠奶茶店,飲料店,"No.222, 永和區, 新北市 成功路 87號",新北市,永和區,886-5-6420752,珍珠奶茶,永和區珍珠奶茶店 以 珍珠奶茶 聞名。,58,250
萬華區鍋燒意麵店,麵店,"No.250, 萬華區, 台北市 信義路 243號",台北市,萬華區,886-5-6185708,鍋燒意麵,萬華區鍋燒意麵店 以 鍋燒意麵 聞名。,75,296
苓雅區刈包店,台式小吃店,"No.120, 苓雅區, 高雄市 和平路 169號",高雄市,苓雅區,886-2-5105028,刈包,苓雅區刈包店 以 刈包 聞名。,62,271
光復鄉魯肉飯店,台式飯館,"No.38, 光復鄉, 花蓮縣 成功路 220號",花蓮縣,光復鄉,886-8-7490445,魯肉飯,光復鄉魯肉飯店 以 魯肉飯 聞名。,80,207
左營區雞排店,炸物店,"No.173, 左營區, 高雄市 信義路 261號",高雄市,左營區,886-9-9914381,雞排,左營區雞排店 以 雞排 聞名。,71,240
吉安鄉大腸包小腸店,夜市小吃,"No.11, 吉安鄉, 花蓮縣 建國路 257號",花蓮縣,吉安鄉,886-9-1998104,大腸包小腸,吉安鄉大腸包小腸店 以 大腸包小腸 聞名。,87,187
西區大腸包小腸店,夜市小吃,"No.158, 西區, 台中市 民生路 114號",台中市,西區,886-2-6135677,大腸包小腸,西區大腸包小腸店 以 大腸包小腸 聞名。,96,176
東區珍珠奶茶店,飲料店,"No.132, 東區, 台南市 成功路 205號",台南市,東區,886-8-2284741,珍珠奶茶,東區珍珠奶茶店 以 珍珠奶茶 聞名。,66,275
西區珍珠奶茶店,飲料店,"No.138, 西區, 台中市 信義路 233號",台中市,西區,886-3-4143351,珍珠奶茶,西區珍珠奶茶店 以 珍珠奶茶 聞名。,97,284
中西區珍珠奶茶店,飲料店,"No.267, 中西區, 台南市 信義路 117號",台南市,中西區,886-4-3688044,珍珠奶茶,中西區珍珠奶茶店 以 珍珠奶茶 聞名。,77,260
八德區蚵仔煎店,小吃店,"No.192, 八德區, 桃園市 仁愛路 131號",桃園市,八德區,886-7-7227615,蚵仔煎,八德區蚵仔煎店 以 蚵仔煎 聞名。,89,153
壽豐鄉牛肉麵店,麵店,"No.155, 壽豐鄉, 花蓮縣 中正路 240號",花蓮縣,壽豐鄉,886-3-7213417,牛肉麵,壽豐鄉牛肉麵店 以 牛肉麵 聞名。,67,184
鳳山區珍珠奶茶店,飲料店,"No.50, 鳳山區, 高雄市 信義路 58號",高雄市,鳳山區,886-3-4492294,珍珠奶茶,鳳山區珍珠奶茶店 以 珍珠奶茶 聞名。,70,201
吉安鄉蚵仔煎店,小吃店,"No.130, 吉安鄉, 花蓮縣 民生路 199號",花蓮縣,吉安鄉,886-8-8865703,蚵仔煎,吉安鄉蚵仔煎店 以 蚵仔煎 聞名。,53,275
永和區大腸包小腸店,夜市小吃,"No.174, 永和區, 新北市 光復路 106號",新北市,永和區,886-5-1307002,大腸包小腸,永和區大腸包小腸店 以 大腸包小腸 聞名。,61,175
北區鍋燒意麵店,麵店,"No.297, 北區, 台中市 信義路 108號",台中市,北區,886-6-1348106,鍋燒意麵,北區鍋燒意麵店 以 鍋燒意麵 聞名。,96,199
永和區魯肉飯店,台式飯館,"No.262, 永和區, 新北市 民生路 256號",新北市,永和區,886-9-2486435,魯肉飯,永和區魯肉飯店 以 魯肉飯 聞名。,57,187
鹿野鄉珍珠奶茶店,飲料店,"No.27, 鹿野鄉, 台東縣 成功路 72號",台東縣,鹿野鄉,886-7-8109190,珍珠奶茶,鹿野鄉珍珠奶茶店 以 珍珠奶茶 聞名。,56,192
左營區鍋燒意麵店,麵店,"No.183, 左營區, 高雄市 成功路 24號",高雄市,左營區,886-8-8451649,鍋燒意麵,左營區鍋燒意麵店 以 鍋燒意麵 聞名。,98,276
東區大腸包小腸店,夜市小吃,"No.197, 東區, 台南市 民生路 237號",台南市,東區,886-4-6349384,大腸包小腸,東區大腸包小腸店 以 大腸包小腸 聞名。,84,227
三民區牛肉麵店,麵店,"No.219, 三民區, 高雄市 中正路 299號",高雄市,三民區,886-4-3982006,牛肉麵,三民區牛肉麵店 以 牛肉麵 聞名。,78,194
左營區鍋燒意麵店,麵店,"No.277, 左營區, 高雄市 中正路 135號",高雄市,左營區,886-7-3657601,鍋燒意麵,左營區鍋燒意麵店 以 鍋燒意麵 聞名。,62,201
中西區臭豆腐店,小吃店,"No.13, 中西區, 台南市 民生路 219號",台南市,中西區,886-3-4814698,臭豆腐,中西區臭豆腐店 以 臭豆腐 聞名。,59,271
中壢區大腸包小腸店,夜市小吃,"No.24, 中壢區, 桃園市 成功路 288號",桃園市,中壢區,886-5-8237081,大腸包小腸,中壢區大腸包小腸店 以 大腸包小腸 聞名。,86,285
永康區雞排店,炸物店,"No.120, 永康區, 台南市 光復路 141號",台南市,永康區,886-2-2899101,雞排,永康區雞排店 以 雞排 聞名。,62,191
士林區牛肉麵店,麵店,"No.26, 士林區, 台北市 建國路 217號",台北市,士林區,886-2-8366008,牛肉麵,士林區牛肉麵店 以 牛肉麵 聞名。,63,159
平鎮區珍珠奶茶店,飲料店,"No.41, 平鎮區, 桃園市 建國路 216號",桃園市,平鎮區,886-2-1782700,珍珠奶茶,平鎮區珍珠奶茶店 以 珍珠奶茶 聞名。,90,271
鹿野鄉雞排店,炸物店,"No.64, 鹿野鄉, 台東縣 信義路 299號",台東縣,鹿野鄉,886-5-7975093,雞排,鹿野鄉雞排店 以 雞排 聞名。,73,186
台東市雞排店,炸物店,"No.181, 台東市, 台東縣 信義路 289號",台東縣,台東市,886-9-8838925,雞排,台東市雞排店 以 雞排 聞名。,66,293
新城鄉雞排店,炸物店,"No.160, 新城鄉, 花蓮縣 中正路 148號",花蓮縣,新城鄉,886-3-3831857,雞排,新城鄉雞排店 以 雞排 聞名。,60,244
永康區牛肉麵店,麵店,"No.92, 永康區, 台南市 仁愛路 174號",台南市,永康區,886-4-7405779,牛肉麵,永康區牛肉麵店 以 牛肉麵 聞名。,54,177
信義區雞排店,炸物店,"No.79, 信義區, 台北市 光復路 166號",台北市,信義區,886-6-3026171,雞排,信義區雞排店 以 雞排 聞名。,65,166
北屯區大腸包小腸店,夜市小吃,"No.283, 北屯區, 台中市 仁愛路 105號",台中市,北屯區,886-7-7941010,大腸包小腸,北屯區大腸包小腸店 以 大腸包小腸 聞名。,95,256
鳳山區雞排店,炸物店,"No.178, 鳳山區, 高雄市 建國路 260號",高雄市,鳳山區,886-3-7773398,雞排,鳳山區雞排店 以 雞排 聞名。,85,168
台東市牛肉麵店,麵店,"No.234, 台東市, 台東縣 信義路 209號",台東縣,台東市,886-9-3281013,牛肉麵,台東市牛肉麵店 以 牛肉麵 聞名。,98,256
八德區魯肉飯店,台式飯館,"No.23, 八德區, 桃園市 和平路 98號",桃園市,八德區,886-9-5981732,魯肉飯,八德區魯肉飯店 以 魯肉飯 聞名。,83,247
安平區臭豆腐店,小吃店,"No.194, 安平區, 台南市 信義路 11號",台南市,安平區,886-7-3147331,臭豆腐,安平區臭豆腐店 以 臭豆腐 聞名。,78,202
鳳山區珍珠奶茶店,飲料店,"No.232, 鳳山區, 高雄市 民生路 72號",高雄市,鳳山區,886-2-8371495,珍珠奶茶,鳳山區珍珠奶茶店 以 珍珠奶茶 聞名。,79,291
鹿野鄉雞排店,炸物店,"No.271, 鹿野鄉, 台東縣 和平路 251號",台東縣,鹿野鄉,886-5-4091487,雞排,鹿野鄉雞排店 以 雞排 聞名。,70,243
士林區大腸包小腸店,夜市小吃,"No.227, 士林區, 台北市 建國路 263號",台北市,士林區,886-8-9160591,大腸包小腸,士林區大腸包小腸店 以 大腸包小腸 聞名。,83,169
北屯區珍珠奶茶店,飲料店,"No.42, 北屯區, 台中市 民生路 269號",台中市,北屯區,886-8-2693940,珍珠奶茶,北屯區珍珠奶茶店 以 珍珠奶茶 聞名。,56,245
北屯區珍珠奶茶店,飲料店,"No.24, 北屯區, 台中市 建國路 98號",台中市,北屯區,886-9-5123999,珍珠奶茶,北屯區珍珠奶茶店 以 珍珠奶茶 聞名。,94,184
台東市蚵仔煎店,小吃店,"No.105, 台東市, 台東縣 民生路 262號",台東縣,台東市,886-5-7174817,蚵仔煎,台東市蚵仔煎店 以 蚵仔煎 聞名。,95,248
中西區刈包店,台式小吃店,"No.178, 中西區, 台南市 建國路 148號",台南市,中西區,886-4-6930912,刈包,中西區刈包店 以 刈包 聞名。,88,249
淡水區刈包店,台式小吃店,"No.35, 淡水區, 新北市 成功路 167號",新北市,淡水區,886-9-8006843,刈包,淡水區刈包店 以 刈包 聞名。,92,271
成功鎮大腸包小腸店,夜市小吃,"No.249, 成功鎮, 台東縣 成功路 210號",台東縣,成功鎮,886-9-1691031,大腸包小腸,成功鎮大腸包小腸店 以 大腸包小腸 聞名。,83,158
西區魯肉飯店,台式飯館,"No.211, 西區, 台中市 信義路 61號",台中市,西區,886-2-9527978,魯肉飯,西區魯肉飯店 以 魯肉飯 聞名。,86,228
中和區臭豆腐店,小吃店,"No.195, 中和區, 新北市 中正路 32號",新北市,中和區,886-3-4432859,臭豆腐,中和區臭豆腐店 以 臭豆腐 聞名。,77,152
成功鎮鍋燒意麵店,麵店,"No.94, 成功鎮, 台東縣 建國路 240號",台東縣,成功鎮,886-8-6896502,鍋燒意麵,成功鎮鍋燒意麵店 以 鍋燒意麵 聞名。,65,289
光復鄉蚵仔煎店,小吃店,"No.203, 光復鄉, 花蓮縣 仁愛路 198號",花蓮縣,光復鄉,886-3-2317312,蚵仔煎,光復鄉蚵仔煎店 以 蚵仔煎 聞名。,67,214
士林區臭豆腐店,小吃店,"No.9, 士林區, 台北市 民生路 238號",台北市,士林區,886-7-8801793,臭豆腐,士林區臭豆腐店 以 臭豆腐 聞名。,64,200
南區大腸包小腸店,夜市小吃,"No.11, 南區, 台中市 建國路 116號",台中市,南區,886-8-7924394,大腸包小腸,南區大腸包小腸店 以 大腸包小腸 聞名。,97,187
三民區鍋燒意麵店,麵店,"No.193, 三民區, 高雄市 成功路 290號",高雄市,三民區,886-3-4711002,鍋燒意麵,三民區鍋燒意麵店 以 鍋燒意麵 聞名。,80,286
信義區魯肉飯店,台式飯館,"No.241, 信義區, 台北市 建國路 71號",台北市,信義區,886-3-2714284,魯肉飯,信義區魯肉飯店 以 魯肉飯 聞名。,99,295
北屯區臭豆腐店,小吃店,"No.38, 北屯區, 台中市 成功路 146號",台中市,北屯區,886-8-4983048,臭豆腐,北屯區臭豆腐店 以 臭豆腐 聞名。,79,229
士林區刈包店,台式小吃店,"No.271, 士林區, 台北市 民生路 283號",台北市,士林區,886-8-2787030,刈包,士林區刈包店 以 刈包 聞名。,83,158
新城鄉珍珠奶茶店,飲料店,"No.271, 新城鄉, 花蓮縣 成功路 172號",花蓮縣,新城鄉,886-6-9721805,珍珠奶茶,新城鄉珍珠奶茶店 以 珍珠奶茶 聞名。,78,158
光復鄉牛肉麵店,麵店,"No.25, 光復鄉, 花蓮縣 光復路 263號",花蓮縣,光復鄉,886-9-5504022,牛肉麵,光復鄉牛肉麵店 以 牛肉麵 聞名。,65,292
台東市魯肉飯店,台式飯館,"No.114, 台東市, 台東縣 建國路 292號",台東縣,台東市,886-3-3845108,魯肉飯,台東市魯肉飯店 以 魯肉飯 聞名。,53,186
東區臭豆腐店,小吃店,"No.52, 東區, 台中市 仁愛路 218號",台中市,東區,886-2-6278340,臭豆腐,東區臭豆腐店 以 臭豆腐 聞名。,53,265
北區鍋燒意麵店,麵店,"No.271, 北區, 台南市 信義路 105號",台南市,北區,886-3-7602988,鍋燒意麵,北區鍋燒意麵店 以 鍋燒意麵 聞名。,85,289
卑南鄉蚵仔煎店,小吃店,"No.291, 卑南鄉, 台東縣 和平路 76號",台東縣,卑南鄉,886-7-3660534,蚵仔煎,卑南鄉蚵仔煎店 以 蚵仔煎 聞名。,97,227
花蓮市雞排店,炸物店,"No.263, 花蓮市, 花蓮縣 中正路 156號",花蓮縣,花蓮市,886-5-9687511,雞排,花蓮市雞排店 以 雞排 聞名。,59,245
信義區珍珠奶茶店,飲料店,"No.121, 信義區, 台北市 光復路 92號",台北市,信義區,886-8-7951727,珍珠奶茶,信義區珍珠奶茶店 以 珍珠奶茶 聞名。,61,191
萬華區珍珠奶茶店,飲料店,"No.226, 萬華區, 台北市 光復路 198號",台北市,萬華區,886-6-8689330,珍珠奶茶,萬華區珍珠奶茶店 以 珍珠奶茶 聞名。,80,229
八德區牛肉麵店,麵店,"No.55, 八德區, 桃園市 仁愛路 135號",桃園市,八德區,886-4-7254808,牛肉麵,八德區牛肉麵店 以 牛肉麵 聞名。,50,191
卑南鄉大腸包小腸店,夜市小吃,"No.226, 卑南鄉, 台東縣 信義路 159號",台東縣,卑南鄉,886-6-7951812,大腸包小腸,卑南鄉大腸包小腸店 以 大腸包小腸 聞名。,87,167
八德區大腸包小腸店,夜市小吃,"No.116, 八德區, 桃園市 成功路 164號",桃園市,八德區,886-7-5194111,大腸包小腸,八德區大腸包小腸店 以 大腸包小腸 聞名。,97,174
東區大腸包小腸店,夜市小吃,"No.98, 東區, 台中市 信義路 63號",台中市,東區,886-5-9835569,大腸包小腸,東區大腸包小腸店 以 大腸包小腸 聞名。,96,266
吉安鄉鍋燒意麵店,麵店,"No.219, 吉安鄉, 花蓮縣 仁愛路 207號",花蓮縣,吉安鄉,886-7-7535971,鍋燒意麵,吉安鄉鍋燒意麵店 以 鍋燒意麵 聞名。,84,205
八德區刈包店,台式小吃店,"No.232, 八德區, 桃園市 仁愛路 80號",桃園市,八德區,886-3-1228578,刈包,八德區刈包店 以 刈包 聞名。,78,209
壽豐鄉刈包店,台式小吃店,"No.20, 壽豐鄉, 花蓮縣 信義路 12號",花蓮縣,壽豐鄉,886-9-9805604,刈包,壽豐鄉刈包店 以 刈包 聞名。,67,235
新城鄉牛肉麵店,麵店,"No.208, 新城鄉, 花蓮縣 仁愛路 96號",花蓮縣,新城鄉,886-9-7353094,牛肉麵,新城鄉牛肉麵店 以 牛肉麵 聞名。,71,267
新莊區大腸包小腸店,夜市小吃,"No.276, 新莊區, 新北市 光復路 68號",新北市,新莊區,886-2-1931314,大腸包小腸,新莊區大腸包小腸店 以 大腸包小腸 聞名。,71,271
卑南鄉臭豆腐店,小吃店,"No.288, 卑南鄉, 台東縣 和平路 179號",台東縣,卑南鄉,886-9-7362367,臭豆腐,卑南鄉臭豆腐店 以 臭豆腐 聞名。,76,270
苓雅區刈包店,台式小吃店,"No.73, 苓雅區, 高雄市 民生路 86號",高雄市,苓雅區,886-4-2439315,刈包,苓雅區刈包店 以 刈包 聞名。,91,239
成功鎮魯肉飯店,台式飯館,"No.294, 成功鎮, 台東縣 建國路 208號",台東縣,成功鎮,886-3-4571152,魯肉飯,成功鎮魯肉飯店 以 魯肉飯 聞名。,57,192
新城鄉牛肉麵店,麵店,"No.17, 新城鄉, 花蓮縣 仁愛路 55號",花蓮縣,新城鄉,886-6-6336105,牛肉麵,新城鄉牛肉麵店 以 牛肉麵 聞名。,94,181
永和區魯肉飯店,台式飯館,"No.182, 永和區, 新北市 光復路 145號",新北市,永和區,886-2-2774683,魯肉飯,永和區魯肉飯店 以 魯肉飯 聞名。,91,151
北屯區雞排店,炸物店,"No.48, 北屯區, 台中市 光復路 218號",台中市,北屯區,886-9-8509788,雞排,北屯區雞排店 以 雞排 聞名。,62,205
新莊區刈包店,台式小吃店,"No.10, 新莊區, 新北市 民生路 268號",新北市,新莊區,886-3-7074944,刈包,新莊區刈包店 以 刈包 聞名。,51,268
台東市珍珠奶茶店,飲料店,"No.6, 台東市, 台東縣 建國路 18號",台東縣,台東市,886-2-5683854,珍珠奶茶,台東市珍珠奶茶店 以 珍珠奶茶 聞名。,68,240
成功鎮臭豆腐店,小吃店,"No.258, 成功鎮, 台東縣 信義路 250號",台東縣,成功鎮,886-8-5292587,臭豆腐,成功鎮臭豆腐店 以 臭豆腐 聞名。,97,296
卑南鄉刈包店,台式小吃店,"No.251, 卑南鄉, 台東縣 中正路 136號",台東縣,卑南鄉,886-8-1762980,刈包,卑南鄉刈包店 以 刈包 聞名。,63,171
萬華區鍋燒意麵店,麵店,"No.14, 萬華區, 台北市 民生路 269號",台北市,萬華區,886-8-5518197,鍋燒意麵,萬華區鍋燒意麵店 以 鍋燒意麵 聞名。,65,177
中壢區刈包店,台式小吃店,"No.217, 中壢區, 桃園市 和平路 92號",桃園市,中壢區,886-3-2194046,刈包,中壢區刈包店 以 刈包 聞名。,56,257
蘆竹區雞排店,炸物店,"No.84, 蘆竹區, 桃園市 信義路 47號",桃園市,蘆竹區,886-3-3871160,雞排,蘆竹區雞排店 以 雞排 聞名。,55,160
中和區珍珠奶茶店,飲料店,"No.24, 中和區, 新北市 建國路 176號",新北市,中和區,886-8-5631212,珍珠奶茶,中和區珍珠奶茶店 以 珍珠奶茶 聞名。,93,289
苓雅區雞排店,炸物店,"No.78, 苓雅區, 高雄市 仁愛路 66號",高雄市,苓雅區,886-7-1969574,雞排,苓雅區雞排店 以 雞排 聞名。,99,266
北區珍珠奶茶店,飲料店,"No.138, 北區, 台中市 民生路 245號",台中市,北區,886-3-1055177,珍珠奶茶,北區珍珠奶茶店 以 珍珠奶茶 聞名。,93,243
中山區蚵仔煎店,小吃店,"No.78, 中山區, 台北市 建國路 195號",台北市,中山區,886-6-9374827,蚵仔煎,中山區蚵仔煎店 以 蚵仔煎 聞名。,67,164
平鎮區魯肉飯店,台式飯館,"No.171, 平鎮區, 桃園市 光復路 255號",桃園市,平鎮區,886-3-4363097,魯肉飯,平鎮區魯肉飯店 以 魯肉飯 聞名。,81,267
中和區魯肉飯店,台式飯館,"No.168, 中和區, 新北市 信義路 124號",新北市,中和區,886-5-6875161,魯肉飯,中和區魯肉飯店 以 魯肉飯 聞名。,95,158
三民區鍋燒意麵店,麵店,"No.196, 三民區, 高雄市 建國路 230號",高雄市,三民區,886-6-8359939,鍋燒意麵,三民區鍋燒意麵店 以 鍋燒意麵 聞名。,70,290
桃園區牛肉麵店,麵店,"No.188, 桃園區, 桃園市 成功路 268號",桃園市,桃園區,886-6-3768371,牛肉麵,桃園區牛肉麵店 以 牛肉麵 聞名。,62,173
吉安鄉雞排店,炸物店,"No.236, 吉安鄉, 花蓮縣 光復路 98號",花蓮縣,吉安鄉,886-3-3791030,雞排,吉安鄉雞排店 以 雞排 聞名。,53,188
西區珍珠奶茶店,飲料店,"No.285, 西區, 台中市 民生路 87號",台中市,西區,886-3-4337614,珍珠奶茶,西區珍珠奶茶店 以 珍珠奶茶 聞名。,81,226
安平區牛肉麵店,麵店,"No.287, 安平區, 台南市 光復路 149號",台南市,安平區,886-9-3635563,牛肉麵,安平區牛肉麵店 以 牛肉麵 聞名。,54,176
三民區鍋燒意麵店,麵店,"No.11, 三民區, 高雄市 成功路 150號",高雄市,三民區,886-5-9958667,鍋燒意麵,三民區鍋燒意麵店 以 鍋燒意麵 聞名。,61,297
蘆竹區大腸包小腸店,夜市小吃,"No.209, 蘆竹區, 桃園市 民生路 16號",桃園市,蘆竹區,886-8-4380290,大腸包小腸,蘆竹區大腸包小腸店 以 大腸包小腸 聞名。,75,271
花蓮市大腸包小腸店,夜市小吃,"No.211, 花蓮市, 花蓮縣 中正路 270號",花蓮縣,花蓮市,886-8-1573688,大腸包小腸,花蓮市大腸包小腸店 以 大腸包小腸 聞名。,85,164
平鎮區魯肉飯店,台式飯館,"No.15, 平鎮區, 桃園市 建國路 246號",桃園市,平鎮區,886-4-1421336,魯肉飯,平鎮區魯肉飯店 以 魯肉飯 聞名。,97,227
淡水區魯肉飯店,台式飯館,"No.244, 淡水區, 新北市 光復路 101號",新北市,淡水區,886-2-7364821,魯肉飯,淡水區魯肉飯店 以 魯肉飯 聞名。,90,182
士林區珍珠奶茶店,飲料店,"No.73, 士林區, 台北市 信義路 26號",台北市,士林區,886-3-2535488,珍珠奶茶,士林區珍珠奶茶店 以 珍珠奶茶 聞名。,74,289
信義區牛肉麵店,麵店,"No.230, 信義區, 台北市 成功路 188號",台北市,信義區,886-5-5259731,牛肉麵,信義區牛肉麵店 以 牛肉麵 聞名。,65,211
信義區雞排店,炸物店,"No.174, 信義區, 台北市 成功路 101號",台北市,信義區,886-4-3662110,雞排,信義區雞排店 以 雞排 聞名。,85,174
永康區鍋燒意麵店,麵店,"No.86, 永康區, 台南市 信義路 48號",台南市,永康區,886-4-2126818,鍋燒意麵,永康區鍋燒意麵店 以 鍋燒意麵 聞名。,94,265
花蓮市鍋燒意麵店,麵店,"No.148, 花蓮市, 花蓮縣 仁愛路 63號",花蓮縣,花蓮市,886-6-7133704,鍋燒意麵,花蓮市鍋燒意麵店 以 鍋燒意麵 聞名。,74,229
中壢區珍珠奶茶店,飲料店,"No.174, 中壢區, 桃園市 和平路 117號",桃園市,中壢區,886-6-6982732,珍珠奶茶,中壢區珍珠奶茶店 以 珍珠奶茶 聞名。,54,239
前鎮區鍋燒意麵店,麵店,"No.60, 前鎮區, 高雄市 和平路 183號",高雄市,前鎮區,886-3-8245861,鍋燒意麵,前鎮區鍋燒意麵店 以 鍋燒意麵 聞名。,57,209
壽豐鄉珍珠奶茶店,飲料店,"No.241, 壽豐鄉, 花蓮縣 光復路 207號",花蓮縣,壽豐鄉,886-6-2932199,珍珠奶茶,壽豐鄉珍珠奶茶店 以 珍珠奶茶 聞名。,53,210
北區牛肉麵店,麵店,"No.114, 北區, 台南市 仁愛路 168號",台南市,北區,886-7-5171764,牛肉麵,北區牛肉麵店 以 牛肉麵 聞名。,70,169
永和區魯肉飯店,台式飯館,"No.190, 永和區, 新北市 仁愛路 149號",新北市,永和區,886-7-4001841,魯肉飯,永和區魯肉飯店 以 魯肉飯 聞名。,70,225
壽豐鄉牛肉麵店,麵店,"No.103, 壽豐鄉, 花蓮縣 成功路 104號",花蓮縣,壽豐鄉,886-5-3644201,牛肉麵,壽豐鄉牛肉麵店 以 牛肉麵 聞名。,68,215
新莊區牛肉麵店,麵店,"No.6, 新莊區, 新北市 光復路 255號",新北市,新莊區,886-9-6749447,牛肉麵,新莊區牛肉麵店 以 牛肉麵 聞名。,87,236
大安區珍珠奶茶店,飲料店,"No.213, 大安區, 台北市 建國路 295號",台北市,大安區,886-5-3151627,珍珠奶茶,大安區珍珠奶茶店 以 珍珠奶茶 聞名。,56,165
中山區牛肉麵店,麵店,"No.228, 中山區, 台北市 信義路 69號",台北市,中山區,886-9-3417924,牛肉麵,中山區牛肉麵店 以 牛肉麵 聞名。,54,263
大安區雞排店,炸物店,"No.225, 大安區, 台北市 民生路 144號",台北市,大安區,886-6-1264785,雞排,大安區雞排店 以 雞排 聞名。,71,240
長濱鄉刈包店,台式小吃店,"No.258, 長濱鄉, 台東縣 民生路 191號",台東縣,長濱鄉,886-3-6118731,刈包,長濱鄉刈包店 以 刈包 聞名。,89,257
南區雞排店,炸物店,"No.160, 南區, 台中市 和平路 144號",台中市,南區,886-7-2241398,雞排,南區雞排店 以 雞排 聞名。,58,192
淡水區臭豆腐店,小吃店,"No.172, 淡水區, 新北市 和平路 242號",新北市,淡水區,886-4-3654539,臭豆腐,淡水區臭豆腐店 以 臭豆腐 聞名。,89,207
大安區魯肉飯店,台式飯館,"No.100, 大安區, 台北市 成功路 90號",台北市,大安區,886-3-6787948,魯肉飯,大安區魯肉飯店 以 魯肉飯 聞名。,70,285
三民區珍珠奶茶店,飲料店,"No.115, 三民區, 高雄市 中正路 228號",高雄市,三民區,886-2-1165239,珍珠奶茶,三民區珍珠奶茶店 以 珍珠奶茶 聞名。,56,160
永康區臭豆腐店,小吃店,"No.235, 永康區, 台南市 中正路 4號",台南市,永康區,886-4-3940416,臭豆腐,永康區臭豆腐店 以 臭豆腐 聞名。,72,243
中和區蚵仔煎店,小吃店,"No.57, 中和區, 新北市 民生路 49號",新北市,中和區,886-5-9983910,蚵仔煎,中和區蚵仔煎店 以 蚵仔煎 聞名。,97,292
長濱鄉雞排店,炸物店,"No.192, 長濱鄉, 台東縣 中正路 21號",台東縣,長濱鄉,886-2-1202621,雞排,長濱鄉雞排店 以 雞排 聞名。,61,192
中山區臭豆腐店,小吃店,"No.254, 中山區, 台北市 民生路 130號",台北市,中山區,886-3-7170927,臭豆腐,中山區臭豆腐店 以 臭豆腐 聞名。,96,275
永康區鍋燒意麵店,麵店,"No.279, 永康區, 台南市 仁愛路 145號",台南市,永康區,886-2-4405612,鍋燒意麵,永康區鍋燒意麵店 以 鍋燒意麵 聞名。,66,278
桃園區牛肉麵店,麵店,"No.296, 桃園區, 桃園市 仁愛路 163號",桃園市,桃園區,886-8-1238252,牛肉麵,桃園區牛肉麵店 以 牛肉麵 聞名。,92,273
淡水區雞排店,炸物店,"No.6, 淡水區, 新北市 成功路 245號",新北市,淡水區,886-8-1439064,雞排,淡水區雞排店 以 雞排 聞名。,64,225
卑南鄉蚵仔煎店,小吃店,"No.179, 卑南鄉, 台東縣 民生路 289號",台東縣,卑南鄉,886-4-3125247,蚵仔煎,卑南鄉蚵仔煎店 以 蚵仔煎 聞名。,60,164
蘆竹區大腸包小腸店,夜市小吃,"No.251, 蘆竹區, 桃園市 信義路 15號",桃園市,蘆竹區,886-7-1642622,大腸包小腸,蘆竹區大腸包小腸店 以 大腸包小腸 聞名。,86,279
南區珍珠奶茶店,飲料店,"No.268, 南區, 台中市 仁愛路 65號",台中市,南區,886-2-3436615,珍珠奶茶,南區珍珠奶茶店 以 珍珠奶茶 聞名。,57,231
安平區鍋燒意麵店,麵店,"No.213, 安平區, 台南市 民生路 187號",台南市,安平區,886-6-2877457,鍋燒意麵,安平區鍋燒意麵店 以 鍋燒意麵 聞名。,57,230
桃園區魯肉飯店,台式飯館,"No.144, 桃園區, 桃園市 中正路 173號",桃園市,桃園區,886-7-7266090,魯肉飯,桃園區魯肉飯店 以 魯肉飯 聞名。,58,268
中山區刈包店,台式小吃店,"No.289, 中山區, 台北市 成功路 90號",台北市,中山區,886-7-5876212,刈包,中山區刈包店 以 刈包 聞名。,88,235
平鎮區大腸包小腸店,夜市小吃,"No.159, 平鎮區, 桃園市 建國路 33號",桃園市,平鎮區,886-6-4785799,大腸包小腸,平鎮區大腸包小腸店 以 大腸包小腸 聞名。,70,280
安平區大腸包小腸店,夜市小吃,"No.164, 安平區, 台南市 中正路 188號",台南市,安平區,886-4-5483627,大腸包小腸,安平區大腸包小腸店 以 大腸包小腸 聞名。,52,295
桃園區鍋燒意麵店,麵店,"No.270, 桃園區, 桃園市 民生路 153號",桃園市,桃園區,886-5-9259139,鍋燒意麵,桃園區鍋燒意麵店 以 鍋燒意麵 聞名。,79,267
南區臭豆腐店,小吃店,"No.138, 南區, 台中市 建國路 9號",台中市,南區,886-5-3260249,臭豆腐,南區臭豆腐店 以 臭豆腐 聞名。,87,209
花蓮市雞排店,炸物店,"No.131, 花蓮市, 花蓮縣 仁愛路 208號",花蓮縣,花蓮市,886-6-8024668,雞排,花蓮市雞排店 以 雞排 聞名。,57,254
南區魯肉飯店,台式飯館,"No.159, 南區, 台中市 成功路 19號",台中市,南區,886-7-5070134,魯肉飯,南區魯肉飯店 以 魯肉飯 聞名。,79,208
板橋區蚵仔煎店,小吃店,"No.13, 板橋區, 新北市 光復路 236號",新北市,板橋區,886-9-2274860,蚵仔煎,板橋區蚵仔煎店 以 蚵仔煎 聞名。,52,261
桃園區珍珠奶茶店,飲料店,"No.268, 桃園區, 桃園市 成功路 27號",桃園市,桃園區,886-9-5735881,珍珠奶茶,桃園區珍珠奶茶店 以 珍珠奶茶 聞名。,60,224
中山區蚵仔煎店,小吃店,"No.182, 中山區, 台北市 信義路 60號",台北市,中山區,886-4-5069956,蚵仔煎,中山區蚵仔煎店 以 蚵仔煎 聞名。,91,183
中和區蚵仔煎店,小吃店,"No.145, 中和區, 新北市 成功路 226號",新北市,中和區,886-3-7956247,蚵仔煎,中和區蚵仔煎店 以 蚵仔煎 聞名。,58,298
板橋區臭豆腐店,小吃店,"No.65, 板橋區, 新北市 仁愛路 101號",新北市,板橋區,886-3-6063455,臭豆腐,板橋區臭豆腐店 以 臭豆腐 聞名。,61,256
前鎮區臭豆腐店,小吃店,"No.117, 前鎮區, 高雄市 建國路 289號",高雄市,前鎮區,886-8-1735655,臭豆腐,前鎮區臭豆腐店 以 臭豆腐 聞名。,86,196
中壢區大腸包小腸店,夜市小吃,"No.214, 中壢區, 桃園市 建國路 45號",桃園市,中壢區,886-7-6547859,大腸包小腸,中壢區大腸包小腸店 以 大腸包小腸 聞名。,83,264
大安區大腸包小腸店,夜市小吃,"No.116, 大安區, 台北市 中正路 209號",台北市,大安區,886-5-7319656,大腸包小腸,大安區大腸包小腸店 以 大腸包小腸 聞名。,59,260
花蓮市珍珠奶茶店,飲料店,"No.95, 花蓮市, 花蓮縣 光復路 87號",花蓮縣,花蓮市,886-6-7129863,珍珠奶茶,花蓮市珍珠奶茶店 以 珍珠奶茶 聞名。,88,300
長濱鄉鍋燒意麵店,麵店,"No.266, 長濱鄉, 台東縣 建國路 179號",台東縣,長濱鄉,886-9-7741227,鍋燒意麵,長濱鄉鍋燒意麵店 以 鍋燒意麵 聞名。,86,203
長濱鄉雞排店,炸物店,"No.160, 長濱鄉, 台東縣 仁愛路 292號",台東縣,長濱鄉,886-4-9260155,雞排,長濱鄉雞排店 以 雞排 聞名。,87,234
中壢區雞排店,炸物店,"No.143, 中壢區, 桃園市 成功路 199號",桃園市,中壢區,886-4-8225576,雞排,中壢區雞排店 以 雞排 聞名。,85,156
前鎮區臭豆腐店,小吃店,"No.33, 前鎮區, 高雄市 中正路 214號",高雄市,前鎮區,886-7-2724040,臭豆腐,前鎮區臭豆腐店 以 臭豆腐 聞名。,57,195
蘆竹區刈包店,台式小吃店,"No.31, 蘆竹區, 桃園市 光復路 8號",桃園市,蘆竹區,886-3-4140589,刈包,蘆竹區刈包店 以 刈包 聞名。,57,300
安平區刈包店,台式小吃店,"No.257, 安平區, 台南市 信義路 129號",台南市,安平區,886-2-3472941,刈包,安平區刈包店 以 刈包 聞名。,77,215
新莊區魯肉飯店,台式飯館,"No.42, 新莊區, 新北市 建國路 35號",新北市,新莊區,886-6-5832842,魯肉飯,新莊區魯肉飯店 以 魯肉飯 聞名。,55,272
長濱鄉珍珠奶茶店,飲料店,"No.165, 長濱鄉, 台東縣 光復路 12號",台東縣,長濱鄉,886-6-4363638,珍珠奶茶,長濱鄉珍珠奶茶店 以 珍珠奶茶 聞名。,92,212
前鎮區雞排店,炸物店,"No.132, 前鎮區, 高雄市 建國路 86號",高雄市,前鎮區,886-5-8686586,雞排,前鎮區雞排店 以 雞排 聞名。,72,158
新莊區鍋燒意麵店,麵店,"No.268, 新莊區, 新北市 成功路 136號",新北市,新莊區,886-7-3740142,鍋燒意麵,新莊區鍋燒意麵店 以 鍋燒意麵 聞名。,85,203
前鎮區雞排店,炸物店,"No.69, 前鎮區, 高雄市 建國路 137號",高雄市,前鎮區,886-8-7172763,雞排,前鎮區雞排店 以 雞排 聞名。,58,161
板橋區臭豆腐店,小吃店,"No.224, 板橋區, 新北市 仁愛路 152號",新北市,板橋區,886-9-3774731,臭豆腐,板橋區臭豆腐店 以 臭豆腐 聞名。,56,165
板橋區刈包店,台式小吃店,"No.46, 板橋區, 新北市 民生路 84號",新北市,板橋區,886-6-1599500,刈包,板橋區刈包店 以 刈包 聞名。,99,225
板橋區魯肉飯店,台式飯館,"No.60, 板橋區, 新北市 和平路 178號",新北市,板橋區,886-5-1470032,魯肉飯,板橋區魯肉飯店 以 魯肉飯 聞名。,58,209
